topicId,words..
1,october people oct india kong hong financial modi year times
2,true post false comments september canvas watcher top display washpost
3,september de china india scotland alibaba chinese xi indian la
4,india october oct company indian ist global pakistan infosys maharashtra
5,november india minister year modi cent people day obama crore
6,bjp state government minister party india pm congress delhi power
7,modi india minister september pm prime indian police chief saturday
8,time friday ebola people business city pm years good don
9,india september coal mars modi power make blocks isro mission
10,rs cent year market india bank crore month growth prices
11,november financial year india times indian nov time delhi years
12,october india times oct financial government minister bjp year party
13,year government court money india company report quarter tax cent
14,india financial times september company cent policy china percent market
15,financial times share post company news ft health single policy
